"uuid_country","country_name_es","country_name_en","alpha2","alpha3","continent","calling_code","ofac","created_at","created_by","updated_at","updated_by"
b26509d7-7a09-56de-ae9d-5b64febfad57,AFGANISTÁN,AFGHANISTAN,AF,AFG,ASIA,"93",false,2024-03-05 11:12:13.848,bd45e290-c5bc-5a2c-80bf-2372f0d822e7,2024-03-05 11:12:13.848,bd45e290-c5bc-5a2c-80bf-2372f0d822e7
"960d00d2-38e2-57e7-bb13-b828555cd815",ALBANIA,ALBANIA,AL,ALB,EUROPA,"355",false,2024-03-05 11:12:13.848,bd45e290-c5bc-5a2c-80bf-2372f0d822e7,2024-03-05 11:12:13.848,bd45e290-c5bc-5a2c-80bf-2372f0d822e7
"7492b603-b7ec-5c15-b4b8-5c05397b68fd",ALEMANIA,GERMANY,DE,DEU,EUROPA,"49",false,2024-03-05 11:12:13.848,bd45e290-c5bc-5a2c-80bf-2372f0d822e7,2024-03-05 11:12:13.848,bd45e290-c5bc-5a2c-80bf-2372f0d822e7
a351dfdf-7895-5563-8c76-07e769d49227,ANDORRA,ANDORRA,AD,AND,EUROPA,"376",false,2024-03-05 11:12:13.848,bd45e290-c5bc-5a2c-80bf-2372f0d822e7,2024-03-05 11:12:13.848,bd45e290-c5bc-5a2c-80bf-2372f0d822e7
"87bcfa97-f33b-5d29-b73b-b5c82be398de",ANGOLA,ANGOLA,AO,AGO,AFRICA,"244",false,2024-03-05 11:12:13.848,bd45e290-c5bc-5a2c-80bf-2372f0d822e7,2024-03-05 11:12:13.848,bd45e290-c5bc-5a2c-80bf-2372f0d822e7
d29e0f99-9faa-5179-b6f8-74ee651012b8,ANGUILA,ANGUILLA,AI,AIA,AMERICA,"264",false,2024-03-05 11:12:13.848,bd45e290-c5bc-5a2c-80bf-2372f0d822e7,2024-03-05 11:12:13.848,bd45e290-c5bc-5a2c-80bf-2372f0d822e7
da4f8ac7-dce7-5363-85bc-cf324f582cbc,ANTÁRTIDA,ANTARCTICA,AQ,ATA,POLAR,"672",false,2024-03-05 11:12:13.848,bd45e290-c5bc-5a2c-80bf-2372f0d822e7,2024-03-05 11:12:13.848,bd45e290-c5bc-5a2c-80bf-2372f0d822e7
"3b16a055-512c-52ef-b63c-bb678b46ae93",ANTIGUA Y BARBUDA,ANTIGUA AND BARBUDA,AG,ATG,AMERICA,"268",false,2024-03-05 11:12:13.848,bd45e290-c5bc-5a2c-80bf-2372f0d822e7,2024-05-06 19:51:25.375,bd45e290-c5bc-5a2c-80bf-2372f0d822e7
"4c2e0224-9b4d-5efe-bd88-c70e9c4237fa",ANTILLAS NEERLANDESAS,ANTILLAS NEERLANDESAS,AN,ANT,AMERICA,"599",false,2021-04-19 14:41:45.755,bd45e290-c5bc-5a2c-80bf-2372f0d822e7,2024-05-06 19:58:28.636,bd45e290-c5bc-5a2c-80bf-2372f0d822e7
"1a508880-129a-57ec-8bcc-759a2ff8c9cc",ARABIA SAUDITA,SAUDI ARABIA,SA,SAU,ASIA,"966",false,2024-03-05 11:12:13.848,bd45e290-c5bc-5a2c-80bf-2372f0d822e7,2024-03-05 11:12:13.848,bd45e290-c5bc-5a2c-80bf-2372f0d822e7
"3a827cb6-9517-5428-a353-da53132982ea",ARGELIA,ALGERIA,DZ,DZA,AFRICA,"213",false,2024-03-05 11:12:13.848,bd45e290-c5bc-5a2c-80bf-2372f0d822e7,2024-05-07 11:51:33.675,bd45e290-c5bc-5a2c-80bf-2372f0d822e7
"1bcc8790-6055-5b04-a390-e27288aabe9f",ARGENTINA,ARGENTINA,AR,ARG,AMERICA,"54",false,2024-03-05 11:12:13.848,bd45e290-c5bc-5a2c-80bf-2372f0d822e7,2024-05-06 19:50:41.773,bd45e290-c5bc-5a2c-80bf-2372f0d822e7
cbb95500-ba36-552f-80b2-2f5212b25a30,ARMENIA,ARMENIA,AM,ARM,EUROPA,"374",false,2024-03-05 11:12:13.848,bd45e290-c5bc-5a2c-80bf-2372f0d822e7,2024-03-05 11:12:13.848,bd45e290-c5bc-5a2c-80bf-2372f0d822e7
dc010580-c7fd-5b32-a88c-23b3c3fc47d0,ARUBA,ARUBA,AW,ABW,AMERICA,"297",false,2024-03-05 11:12:13.848,bd45e290-c5bc-5a2c-80bf-2372f0d822e7,2024-05-06 19:51:25.375,bd45e290-c5bc-5a2c-80bf-2372f0d822e7
ae3ad6de-e57b-597f-b96b-bddde73d4b00,AUSTRALIA,AUSTRALIA,AU,AUS,OCEANIA,"61",false,2024-03-05 11:12:13.848,bd45e290-c5bc-5a2c-80bf-2372f0d822e7,2024-05-06 19:52:20.010,bd45e290-c5bc-5a2c-80bf-2372f0d822e7
b6baa35e-5a5e-5620-9a8b-14e5ad0acd8a,AUSTRIA,AUSTRIA,AT,AUT,EUROPA,"43",false,2024-03-05 11:12:13.848,bd45e290-c5bc-5a2c-80bf-2372f0d822e7,2024-03-05 11:12:13.848,bd45e290-c5bc-5a2c-80bf-2372f0d822e7
"726538ca-a3fb-54f9-892f-a062b0f51a40",AZERBAIYÁN,AZERBAIJAN,AZ,AZE,EUROPA,"994",false,2024-03-05 11:12:13.848,bd45e290-c5bc-5a2c-80bf-2372f0d822e7,2024-03-05 11:12:13.848,bd45e290-c5bc-5a2c-80bf-2372f0d822e7
"953c867b-9c2f-5002-be5f-d45f7df77ede",BAHAMAS,THE BAHAMAS,BS,BHS,AMERICA,"242",false,2024-03-05 11:12:13.848,bd45e290-c5bc-5a2c-80bf-2372f0d822e7,2024-05-06 19:51:25.375,bd45e290-c5bc-5a2c-80bf-2372f0d822e7
"981ff082-f23c-5929-a486-56f74ae49569",BAHRÉIN,BAHRAIN,BH,BHR,ASIA,"973",false,2024-03-05 11:12:13.848,bd45e290-c5bc-5a2c-80bf-2372f0d822e7,2024-03-05 11:12:13.848,bd45e290-c5bc-5a2c-80bf-2372f0d822e7
"8e155cfe-b57b-57dd-9b3a-af445e539f10",BANGLADESH,BANGLADESH,BD,BGD,ASIA,"880",false,2024-03-05 11:12:13.848,bd45e290-c5bc-5a2c-80bf-2372f0d822e7,2024-03-05 11:12:13.848,bd45e290-c5bc-5a2c-80bf-2372f0d822e7
db9beb25-3971-586e-a105-40aba71c1a66,BARBADOS,BARBADOS,BB,BRB,AMERICA,"246",false,2024-03-05 11:12:13.848,bd45e290-c5bc-5a2c-80bf-2372f0d822e7,2024-05-06 19:51:25.375,bd45e290-c5bc-5a2c-80bf-2372f0d822e7
"26578158-a5a5-5b07-908c-23d40548538c",BÉLGICA,BELGIUM,BE,BEL,EUROPA,"32",false,2024-03-05 11:12:13.848,bd45e290-c5bc-5a2c-80bf-2372f0d822e7,2024-03-05 11:12:13.848,bd45e290-c5bc-5a2c-80bf-2372f0d822e7
ca912cda-7a3a-5d3c-878a-2dc1fd44e479,BELICE,BELIZE,BZ,BLZ,AMERICA,"501",false,2024-03-05 11:12:13.848,bd45e290-c5bc-5a2c-80bf-2372f0d822e7,2024-05-06 19:51:25.375,bd45e290-c5bc-5a2c-80bf-2372f0d822e7
"2799f56d-6a03-5def-a723-2db27a44597f",BENIN,BENIN,BJ,BEN,AFRICA,"229",false,2024-03-05 11:12:13.848,bd45e290-c5bc-5a2c-80bf-2372f0d822e7,2024-03-05 11:12:13.848,bd45e290-c5bc-5a2c-80bf-2372f0d822e7
"210ffc14-2181-5457-9359-f3ca9b436cd8",BERMUDAS,BERMUDA,BM,BMU,AMERICA,"441",false,2024-03-05 11:12:13.848,bd45e290-c5bc-5a2c-80bf-2372f0d822e7,2024-03-05 11:12:13.848,bd45e290-c5bc-5a2c-80bf-2372f0d822e7
"109d5620-969b-53d8-a499-977cfcc38c94",BIELORRUSIA,BELARUS,BY,BLR,EUROPA,"375",false,2024-03-05 11:12:13.848,bd45e290-c5bc-5a2c-80bf-2372f0d822e7,2024-03-05 11:12:13.848,bd45e290-c5bc-5a2c-80bf-2372f0d822e7
"25653422-b037-54fd-9d4e-fb7d223df9fa",BOLIVIA,BOLIVIA,BO,BOL,AMERICA,"591",false,2024-03-05 11:12:13.848,bd45e290-c5bc-5a2c-80bf-2372f0d822e7,2024-05-06 19:51:25.375,bd45e290-c5bc-5a2c-80bf-2372f0d822e7
"064f55e0-ba7c-5a9c-949f-52b042373fbe","BONARIE, SAN EUSTAQUIO Y SABA","BONAIRE, SINT EUSTATIUS AND SABA",BQ,BES,AMERICA,"599",false,2024-03-05 11:12:13.848,bd45e290-c5bc-5a2c-80bf-2372f0d822e7,2024-05-06 19:51:25.375,bd45e290-c5bc-5a2c-80bf-2372f0d822e7
ffffab73-17eb-59ae-b36f-0681d3d4fc51,BOSNIA Y HERZEGOVINA,BOSNIA AND HERZEGOVINA,BA,BIH,EUROPA,"387",false,2024-03-05 11:12:13.848,bd45e290-c5bc-5a2c-80bf-2372f0d822e7,2024-03-05 11:12:13.848,bd45e290-c5bc-5a2c-80bf-2372f0d822e7
"847e7857-54c9-5ab6-8e43-71f8605ce6e1",BOTSUANA,BOTSWANA,BW,BWA,AFRICA,"267",false,2024-03-05 11:12:13.848,bd45e290-c5bc-5a2c-80bf-2372f0d822e7,2024-03-05 11:12:13.848,bd45e290-c5bc-5a2c-80bf-2372f0d822e7
a67374c6-f06c-5ec3-96e0-51ed5302593e,BRASIL,BRAZIL,BR,BRA,AMERICA,"55",false,2024-03-05 11:12:13.848,bd45e290-c5bc-5a2c-80bf-2372f0d822e7,2024-05-06 19:51:25.375,bd45e290-c5bc-5a2c-80bf-2372f0d822e7
"8c2bfd91-cbfe-5944-b04d-29a04ea64171",BRUNÉI,BRUNEI,BN,BRN,ASIA,"673",false,2024-03-05 11:12:13.848,bd45e290-c5bc-5a2c-80bf-2372f0d822e7,2024-03-05 11:12:13.848,bd45e290-c5bc-5a2c-80bf-2372f0d822e7
be97bcf1-cf69-55e8-b9df-42bd6793eb16,BULGARIA,BULGARIA,BG,BGR,EUROPA,"359",false,2024-03-05 11:12:13.848,bd45e290-c5bc-5a2c-80bf-2372f0d822e7,2024-03-05 11:12:13.848,bd45e290-c5bc-5a2c-80bf-2372f0d822e7
"4e4704cc-b014-5de5-a1bd-f85a09d6e59a",BURKINA FASO,BURKINA FASO,BF,BFA,AFRICA,"226",false,2024-03-05 11:12:13.848,bd45e290-c5bc-5a2c-80bf-2372f0d822e7,2024-03-05 11:12:13.848,bd45e290-c5bc-5a2c-80bf-2372f0d822e7
dacfd966-da41-5a2d-ac51-4987d7660e31,BURUNDI,BURUNDI,BI,BDI,AFRICA,"257",false,2024-03-05 11:12:13.848,bd45e290-c5bc-5a2c-80bf-2372f0d822e7,2024-03-05 11:12:13.848,bd45e290-c5bc-5a2c-80bf-2372f0d822e7
"750ff1b6-8f90-5db9-9bb2-c71b43d84645",BUTÁN,BHUTAN,BT,BTN,ASIA,"975",false,2024-03-05 11:12:13.848,bd45e290-c5bc-5a2c-80bf-2372f0d822e7,2024-05-07 12:04:00.184,bd45e290-c5bc-5a2c-80bf-2372f0d822e7
"77c778ed-1849-5850-a68e-97b88cfe4cc6",CABO VERDE,CAPE VERDE,CV,CPV,AFRICA,"238",false,2024-03-05 11:12:13.848,bd45e290-c5bc-5a2c-80bf-2372f0d822e7,2024-03-05 11:12:13.848,bd45e290-c5bc-5a2c-80bf-2372f0d822e7
"20c888b0-6dc3-5e6a-90c9-894efc6ba8c2",CAMBOYA,CAMBODIA,KH,KHM,ASIA,"855",false,2024-03-05 11:12:13.848,bd45e290-c5bc-5a2c-80bf-2372f0d822e7,2024-03-05 11:12:13.848,bd45e290-c5bc-5a2c-80bf-2372f0d822e7
"3cdf3e4b-b310-5263-9e60-5d6e2fd90ab9",CAMERÚN,CAMEROON,CM,CMR,AFRICA,"237",false,2024-03-05 11:12:13.848,bd45e290-c5bc-5a2c-80bf-2372f0d822e7,2024-03-05 11:12:13.848,bd45e290-c5bc-5a2c-80bf-2372f0d822e7
"32894402-6493-5a21-8fed-f27d9e60ad06",CANADÁ,CANADA,CA,CAN,AMERICA,"1",false,2024-03-05 11:12:13.848,bd45e290-c5bc-5a2c-80bf-2372f0d822e7,2024-05-06 19:51:25.375,bd45e290-c5bc-5a2c-80bf-2372f0d822e7
"5d0642ff-5fc0-5f57-92fa-052357a7f172",CHAD,CHAD,TD,TCD,AFRICA,"235",false,2024-03-05 11:12:13.848,bd45e290-c5bc-5a2c-80bf-2372f0d822e7,2024-03-05 11:12:13.848,bd45e290-c5bc-5a2c-80bf-2372f0d822e7
aaa3e965-1a69-5353-8d88-2d64ea22dc0b,CHILE,CHILE,CL,CHL,AMERICA,"56",false,2024-03-05 11:12:13.848,bd45e290-c5bc-5a2c-80bf-2372f0d822e7,2024-05-06 19:51:25.375,bd45e290-c5bc-5a2c-80bf-2372f0d822e7
a6b6a9b0-797c-56f0-a903-5a0ca7df0687,CHINA,CHINA,CN,CHN,ASIA,"86",false,2024-03-05 11:12:13.848,bd45e290-c5bc-5a2c-80bf-2372f0d822e7,2024-03-05 11:12:13.848,bd45e290-c5bc-5a2c-80bf-2372f0d822e7
"8fd5d98c-34ef-5529-8ee5-f545ac72a6b4",CHIPRE,CYPRUS,CY,CYP,EUROPA,"357",false,2024-03-05 11:12:13.848,bd45e290-c5bc-5a2c-80bf-2372f0d822e7,2024-03-05 11:12:13.848,bd45e290-c5bc-5a2c-80bf-2372f0d822e7
"6243cd94-4bb0-5a30-b9aa-22ff9ab41024",CIUDAD DEL VATICANO,VATICAN CITY STATE (HOLY SEE),VA,VAT,EUROPA,"379",false,2024-03-05 11:12:13.848,bd45e290-c5bc-5a2c-80bf-2372f0d822e7,2024-03-05 11:12:13.848,bd45e290-c5bc-5a2c-80bf-2372f0d822e7
"6aa9f156-dd94-50ac-812f-fd78dacf012e",COLOMBIA,COLOMBIA,CO,COL,AMERICA,"57",false,2024-03-05 11:12:13.848,bd45e290-c5bc-5a2c-80bf-2372f0d822e7,2024-05-06 19:51:25.375,bd45e290-c5bc-5a2c-80bf-2372f0d822e7
"093c5bfc-a251-53f4-b353-fcfffed39f85",COMOROS,COMOROS,KM,COM,AFRICA,"269",false,2024-03-05 11:12:13.848,bd45e290-c5bc-5a2c-80bf-2372f0d822e7,2024-03-05 11:12:13.848,bd45e290-c5bc-5a2c-80bf-2372f0d822e7
"5d4e8768-7616-56ba-8aac-62957d8ac8e8",CONGO,CONGO,CG,COG,AFRICA,"242",false,2024-03-05 11:12:13.848,bd45e290-c5bc-5a2c-80bf-2372f0d822e7,2024-03-05 11:12:13.848,bd45e290-c5bc-5a2c-80bf-2372f0d822e7
cda66067-fcf2-5a33-b3cf-c834b6a5e2a4,COREA DEL NORTE,NORTH KOREA,KP,PRK,ASIA,"850",false,2024-03-05 11:12:13.848,bd45e290-c5bc-5a2c-80bf-2372f0d822e7,2024-03-05 11:12:13.848,bd45e290-c5bc-5a2c-80bf-2372f0d822e7
"2d204f6f-cd52-5391-962e-296827541b1d",COREA DEL SUR,SOUTH KOREA,KR,KOR,ASIA,"82",false,2024-03-05 11:12:13.848,bd45e290-c5bc-5a2c-80bf-2372f0d822e7,2024-03-05 11:12:13.848,bd45e290-c5bc-5a2c-80bf-2372f0d822e7
"5553e6e9-a01c-5386-adb0-42399363f978",COSTA DE MARFIL,COTE D'IVOIRE (IVORY COAST),CI,CIV,AFRICA,"225",false,2024-03-05 11:12:13.848,bd45e290-c5bc-5a2c-80bf-2372f0d822e7,2024-03-05 11:12:13.848,bd45e290-c5bc-5a2c-80bf-2372f0d822e7
"3a8d279e-2d8f-5cf7-8004-b84b48644ca0",COSTA RICA,COSTA RICA,CR,CRI,AMERICA,"506",false,2024-03-05 11:12:13.848,bd45e290-c5bc-5a2c-80bf-2372f0d822e7,2024-05-06 19:51:25.375,bd45e290-c5bc-5a2c-80bf-2372f0d822e7
"5a432e11-2057-5932-a8d1-8e5774003cd5",CROACIA,CROATIA,HR,HRV,EUROPA,"385",false,2024-03-05 11:12:13.848,bd45e290-c5bc-5a2c-80bf-2372f0d822e7,2024-03-05 11:12:13.848,bd45e290-c5bc-5a2c-80bf-2372f0d822e7
"7825c3f8-8189-54f0-9725-624c4f7fa9e5",CUBA,CUBA,CU,CUB,AMERICA,"53",true,2024-03-05 11:12:13.848,bd45e290-c5bc-5a2c-80bf-2372f0d822e7,2024-05-06 19:51:25.375,bd45e290-c5bc-5a2c-80bf-2372f0d822e7
"3a04860f-f0f1-57c1-a1b3-63d5fbc4c972",CURACAO,CURAÇAO,CW,CUW,AMERICA,"599",false,2024-03-05 11:12:13.848,bd45e290-c5bc-5a2c-80bf-2372f0d822e7,2024-03-05 11:12:13.848,bd45e290-c5bc-5a2c-80bf-2372f0d822e7
"8a3e7b73-0fa2-5eeb-8fc4-0bd241e4329c",DINAMARCA,DENMARK,DK,DNK,EUROPA,"45",false,2024-03-05 11:12:13.848,bd45e290-c5bc-5a2c-80bf-2372f0d822e7,2024-03-05 11:12:13.848,bd45e290-c5bc-5a2c-80bf-2372f0d822e7
ba94aab3-1746-51e5-8a12-123a02bcc499,DOMÍNICA,DOMINICA,DM,DMA,AMERICA,"767",false,2024-03-05 11:12:13.848,bd45e290-c5bc-5a2c-80bf-2372f0d822e7,2024-03-05 11:12:13.848,bd45e290-c5bc-5a2c-80bf-2372f0d822e7
"25c137bb-6137-5b49-aa5e-df0cc2003e6b",ECUADOR,ECUADOR,EC,ECU,AMERICA,"593",false,2024-03-05 11:12:13.848,bd45e290-c5bc-5a2c-80bf-2372f0d822e7,2024-05-06 19:51:25.375,bd45e290-c5bc-5a2c-80bf-2372f0d822e7
"0c9018a8-e685-53b0-88ef-85b8167f23b2",EGIPTO,EGYPT,EG,EGY,AFRICA,"20",false,2024-03-05 11:12:13.848,bd45e290-c5bc-5a2c-80bf-2372f0d822e7,2024-03-05 11:12:13.848,bd45e290-c5bc-5a2c-80bf-2372f0d822e7
"03c88e70-0848-59c7-bfcb-4f47fcd0a8c0",EL SALVADOR,EL SALVADOR,SV,SLV,AMERICA,"503",false,2024-03-05 11:12:13.848,bd45e290-c5bc-5a2c-80bf-2372f0d822e7,2024-05-06 19:51:25.375,bd45e290-c5bc-5a2c-80bf-2372f0d822e7
"2adc296a-76c2-5db1-b6c3-36d168d88d4a",EMIRATOS ÁRABES UNIDOS,UNITED ARAB EMIRATES,AE,ARE,ASIA,"971",false,2024-03-05 11:12:13.848,bd45e290-c5bc-5a2c-80bf-2372f0d822e7,2024-03-05 11:12:13.848,bd45e290-c5bc-5a2c-80bf-2372f0d822e7
"7d987a07-e8c3-59ad-8b50-16dd070abc5a",ERITREA,ERITREA,ER,ERI,AFRICA,"291",false,2024-03-05 11:12:13.848,bd45e290-c5bc-5a2c-80bf-2372f0d822e7,2024-03-05 11:12:13.848,bd45e290-c5bc-5a2c-80bf-2372f0d822e7
"94e88aff-7d1d-590a-96b5-db322e4b83f9",ESLOVAQUIA,SLOVAKIA,SK,SVK,EUROPA,"421",false,2024-03-05 11:12:13.848,bd45e290-c5bc-5a2c-80bf-2372f0d822e7,2024-03-05 11:12:13.848,bd45e290-c5bc-5a2c-80bf-2372f0d822e7
"78e09f6a-9c5b-5889-94cb-7aa3c70aab17",ESLOVENIA,SLOVENIA,SI,SVN,EUROPA,"386",false,2024-03-05 11:12:13.848,bd45e290-c5bc-5a2c-80bf-2372f0d822e7,2024-03-05 11:12:13.848,bd45e290-c5bc-5a2c-80bf-2372f0d822e7
"182f7f17-dcbf-5151-8ebe-ea841e58830f",ESPAÑA,SPAIN,ES,ESP,EUROPA,"34",false,2024-03-05 11:12:13.848,bd45e290-c5bc-5a2c-80bf-2372f0d822e7,2024-03-05 11:12:13.848,bd45e290-c5bc-5a2c-80bf-2372f0d822e7
d34dfe37-237c-5dc1-9474-ec0389282d59,ESTADOS UNIDOS,UNITED STATES,US,USA,AMERICA,"1",false,2024-03-05 11:12:13.848,bd45e290-c5bc-5a2c-80bf-2372f0d822e7,2024-05-06 19:51:25.375,bd45e290-c5bc-5a2c-80bf-2372f0d822e7
d7122350-1c62-52e9-a272-a3b8141a48f4,ESTONIA,ESTONIA,EE,EST,EUROPA,"372",false,2024-03-05 11:12:13.848,bd45e290-c5bc-5a2c-80bf-2372f0d822e7,2024-03-05 11:12:13.848,bd45e290-c5bc-5a2c-80bf-2372f0d822e7
"5fe6047a-ad99-5e0a-9b17-e886c75afa12",ETIOPÍA,ETHIOPIA,ET,ETH,AFRICA,"251",false,2024-03-05 11:12:13.848,bd45e290-c5bc-5a2c-80bf-2372f0d822e7,2024-03-05 11:12:13.848,bd45e290-c5bc-5a2c-80bf-2372f0d822e7
bc7180d5-7158-5468-83ac-e21a3bb03ecf,FIJI,FIJI ISLANDS,FJ,FJI,OCEANIA,"679",false,2024-03-05 11:12:13.848,bd45e290-c5bc-5a2c-80bf-2372f0d822e7,2024-05-06 19:52:20.010,bd45e290-c5bc-5a2c-80bf-2372f0d822e7
"329af925-823c-5979-ae9c-17b15a124aa1",FILIPINAS,PHILIPPINES,PH,PHL,ASIA,"63",false,2024-03-05 11:12:13.848,bd45e290-c5bc-5a2c-80bf-2372f0d822e7,2024-03-05 11:12:13.848,bd45e290-c5bc-5a2c-80bf-2372f0d822e7
f5bee540-b621-5420-b0dd-1c22aa24512a,FINLANDIA,FINLAND,FI,FIN,EUROPA,"358",false,2024-03-05 11:12:13.848,bd45e290-c5bc-5a2c-80bf-2372f0d822e7,2024-03-05 11:12:13.848,bd45e290-c5bc-5a2c-80bf-2372f0d822e7
"9b23eeaf-057b-5592-be18-42aa498e98ca",FRANCIA,FRANCE,FR,FRA,EUROPA,"33",false,2024-03-05 11:12:13.848,bd45e290-c5bc-5a2c-80bf-2372f0d822e7,2024-03-05 11:12:13.848,bd45e290-c5bc-5a2c-80bf-2372f0d822e7
"6b033275-96a3-5b86-9e25-65bc44509426",GABÓN,GABON,GA,GAB,AFRICA,"241",false,2024-03-05 11:12:13.848,bd45e290-c5bc-5a2c-80bf-2372f0d822e7,2024-03-05 11:12:13.848,bd45e290-c5bc-5a2c-80bf-2372f0d822e7
bb38b0af-7af9-51ea-b8b3-483cd2d14985,GAMBIA,THE GAMBIA,GM,GMB,AFRICA,"220",false,2024-03-05 11:12:13.848,bd45e290-c5bc-5a2c-80bf-2372f0d822e7,2024-03-05 11:12:13.848,bd45e290-c5bc-5a2c-80bf-2372f0d822e7
c85600f1-d3eb-5454-b5f8-c9d4f08ab9f4,GEORGIA,GEORGIA,GE,GEO,ASIA,"995",false,2024-03-05 11:12:13.848,bd45e290-c5bc-5a2c-80bf-2372f0d822e7,2024-03-05 11:12:13.848,bd45e290-c5bc-5a2c-80bf-2372f0d822e7
"05dfb3c6-794e-555b-bc06-caca2e8eec98",GEORGIA DEL SUR E ISLAS SANDWICH DEL SUR,SOUTH GEORGIA,GS,SGS,AMERICA,-1,false,2024-03-05 11:12:13.848,bd45e290-c5bc-5a2c-80bf-2372f0d822e7,2024-03-05 11:12:13.848,bd45e290-c5bc-5a2c-80bf-2372f0d822e7
"53004e14-940b-5dfd-aacc-7cdc4c48517f",GHANA,GHANA,GH,GHA,AFRICA,"233",false,2024-03-05 11:12:13.848,bd45e290-c5bc-5a2c-80bf-2372f0d822e7,2024-03-05 11:12:13.848,bd45e290-c5bc-5a2c-80bf-2372f0d822e7
b047dd46-d804-57bb-a9ff-54f2fb349d1d,GIBRALTAR,GIBRALTAR,GI,GIB,EUROPA,"350",false,2024-03-05 11:12:13.848,bd45e290-c5bc-5a2c-80bf-2372f0d822e7,2024-03-05 11:12:13.848,bd45e290-c5bc-5a2c-80bf-2372f0d822e7
"13a20a5f-5f30-5776-983c-0bda2030f1fe",GRANADA,GRENADA,GD,GRD,AMERICA,"473",false,2024-03-05 11:12:13.848,bd45e290-c5bc-5a2c-80bf-2372f0d822e7,2024-03-05 11:12:13.848,bd45e290-c5bc-5a2c-80bf-2372f0d822e7
"030d0b2e-c5dd-5e44-a351-5cd575af4ccd",GRECIA,GREECE,GR,GRC,EUROPA,"30",false,2024-03-05 11:12:13.848,bd45e290-c5bc-5a2c-80bf-2372f0d822e7,2024-03-05 11:12:13.848,bd45e290-c5bc-5a2c-80bf-2372f0d822e7
afc8e9c8-ec09-564e-b2d8-992424174176,GROENLANDIA,GREENLAND,GL,GRL,AMERICA,"299",false,2024-03-05 11:12:13.848,bd45e290-c5bc-5a2c-80bf-2372f0d822e7,2024-03-05 11:12:13.848,bd45e290-c5bc-5a2c-80bf-2372f0d822e7
"99d18c1a-9520-526c-9cb8-52931c8733ba",GUADALUPE,GUADELOUPE,GP,GLP,AMERICA,"590",false,2024-03-05 11:12:13.848,bd45e290-c5bc-5a2c-80bf-2372f0d822e7,2024-03-05 11:12:13.848,bd45e290-c5bc-5a2c-80bf-2372f0d822e7
a8678551-1c2a-5c73-9a2d-b079d5210e32,GUAM,GUAM,GU,GUM,OCEANIA,"671",false,2024-03-05 11:12:13.848,bd45e290-c5bc-5a2c-80bf-2372f0d822e7,2024-03-05 11:12:13.848,bd45e290-c5bc-5a2c-80bf-2372f0d822e7
"18676ef7-114e-5e34-a9bf-7c887680faa1",GUATEMALA,GUATEMALA,GT,GTM,AMERICA,"502",false,2024-03-05 11:12:13.848,bd45e290-c5bc-5a2c-80bf-2372f0d822e7,2024-05-06 19:51:25.375,bd45e290-c5bc-5a2c-80bf-2372f0d822e7
c1ce9d5b-ce65-54a5-9921-569586829065,GUAYANA,GUYANA,GY,GUY,AMERICA,"592",false,2024-03-05 11:12:13.848,bd45e290-c5bc-5a2c-80bf-2372f0d822e7,2024-03-05 11:12:13.848,bd45e290-c5bc-5a2c-80bf-2372f0d822e7
d127fe9a-103d-5d77-addc-d1fbf175e50e,GUAYANA FRANCESA,FRENCH GUIANA,GF,GUF,AMERICA,"594",false,2024-03-05 11:12:13.848,bd45e290-c5bc-5a2c-80bf-2372f0d822e7,2024-05-06 19:51:25.375,bd45e290-c5bc-5a2c-80bf-2372f0d822e7
"39618039-2052-5428-be50-661d6a25a595",GUERNSEY,GUERNSEY,GG,GGY,EUROPA,"1481",false,2024-03-05 11:12:13.848,bd45e290-c5bc-5a2c-80bf-2372f0d822e7,2024-03-05 11:12:13.848,bd45e290-c5bc-5a2c-80bf-2372f0d822e7
"019a8945-04d9-5e2b-8c75-e3f750df40a6",GUINEA,GUINEA,GN,GIN,AFRICA,"224",false,2024-03-05 11:12:13.848,bd45e290-c5bc-5a2c-80bf-2372f0d822e7,2024-03-05 11:12:13.848,bd45e290-c5bc-5a2c-80bf-2372f0d822e7
f3830c09-b873-5bdf-9f7c-fc4b7478324e,GUINEA ECUATORIAL,EQUATORIAL GUINEA,GQ,GNQ,AFRICA,"240",false,2024-03-05 11:12:13.848,bd45e290-c5bc-5a2c-80bf-2372f0d822e7,2024-03-05 11:12:13.848,bd45e290-c5bc-5a2c-80bf-2372f0d822e7
c4303603-143b-5b94-a0f9-d2751c20b287,GUINEA-BISSAU,GUINEA-BISSAU,GW,GNB,AFRICA,"245",false,2024-03-05 11:12:13.848,bd45e290-c5bc-5a2c-80bf-2372f0d822e7,2024-03-05 11:12:13.848,bd45e290-c5bc-5a2c-80bf-2372f0d822e7
"40561218-3423-541a-b36e-df38b5162e98",HAITÍ,HAITI,HT,HTI,AMERICA,"509",false,2024-03-05 11:12:13.848,bd45e290-c5bc-5a2c-80bf-2372f0d822e7,2024-05-06 19:51:25.375,bd45e290-c5bc-5a2c-80bf-2372f0d822e7
b8f8be36-8832-5048-93c3-625af4ea8f2b,HONDURAS,HONDURAS,HN,HND,AMERICA,"504",false,2024-03-05 11:12:13.848,bd45e290-c5bc-5a2c-80bf-2372f0d822e7,2024-05-06 19:51:25.375,bd45e290-c5bc-5a2c-80bf-2372f0d822e7
"13a659d7-8169-5b1f-80f7-0856fcfac92e",HONG KONG,HONG KONG,HK,HKG,ASIA,"852",false,2024-03-05 11:12:13.848,bd45e290-c5bc-5a2c-80bf-2372f0d822e7,2024-03-05 11:12:13.848,bd45e290-c5bc-5a2c-80bf-2372f0d822e7
"67b2b846-2560-5e8f-9721-ba608df31d7f",HUNGRÍA,HUNGARY,HU,HUN,EUROPA,"36",false,2024-03-05 11:12:13.848,bd45e290-c5bc-5a2c-80bf-2372f0d822e7,2024-03-05 11:12:13.848,bd45e290-c5bc-5a2c-80bf-2372f0d822e7
"3bda3bc5-64f4-5790-940e-34a1b862de0f",INDIA,INDIA,IN,IND,ASIA,"91",false,2024-03-05 11:12:13.848,bd45e290-c5bc-5a2c-80bf-2372f0d822e7,2024-03-05 11:12:13.848,bd45e290-c5bc-5a2c-80bf-2372f0d822e7
d1183bf6-0e37-53cc-ba1e-b572365428b1,INDONESIA,INDONESIA,ID,IDN,ASIA,"62",false,2024-03-05 11:12:13.848,bd45e290-c5bc-5a2c-80bf-2372f0d822e7,2024-03-05 11:12:13.848,bd45e290-c5bc-5a2c-80bf-2372f0d822e7
"387cabbb-ba7e-5609-9c9a-7ffa4a998e4a",IRÁN,IRAN,IR,IRN,ASIA,"98",false,2024-03-05 11:12:13.848,bd45e290-c5bc-5a2c-80bf-2372f0d822e7,2024-03-05 11:12:13.848,bd45e290-c5bc-5a2c-80bf-2372f0d822e7
"27f03b73-7279-58d1-9212-e52f87564716",IRAQ,IRAQ,IQ,IRQ,ASIA,"964",false,2024-03-05 11:12:13.848,bd45e290-c5bc-5a2c-80bf-2372f0d822e7,2024-03-05 11:12:13.848,bd45e290-c5bc-5a2c-80bf-2372f0d822e7
fca373dc-6975-5f8f-a90e-7dd80d175d95,IRLANDA,IRELAND,IE,IRL,EUROPA,"353",false,2024-03-05 11:12:13.848,bd45e290-c5bc-5a2c-80bf-2372f0d822e7,2024-03-05 11:12:13.848,bd45e290-c5bc-5a2c-80bf-2372f0d822e7
"4b26c67e-9daa-5841-a3c0-b38935627ffc",ISLA BOUVET,BOUVET ISLAND,BV,BVT,EUROPA,"55",false,2024-03-05 11:12:13.848,bd45e290-c5bc-5a2c-80bf-2372f0d822e7,2024-03-05 11:12:13.848,bd45e290-c5bc-5a2c-80bf-2372f0d822e7
"73552d2a-5be9-5432-8ed5-83c1e5eaee78",ISLA DE MAN,ISLE OF MAN,IM,IMN,EUROPA,"1624",false,2024-03-05 11:12:13.848,bd45e290-c5bc-5a2c-80bf-2372f0d822e7,2024-03-05 11:12:13.848,bd45e290-c5bc-5a2c-80bf-2372f0d822e7
"090e5845-f77f-5209-a9f8-a356251eb644",ISLANDIA,ICELAND,IS,ISL,EUROPA,"354",false,2024-03-05 11:12:13.848,bd45e290-c5bc-5a2c-80bf-2372f0d822e7,2024-03-05 11:12:13.848,bd45e290-c5bc-5a2c-80bf-2372f0d822e7
"35eaaafa-bbdf-5505-9d40-523e3636f802",ISLAS ÁLAND,ALAND ISLANDS,AX,ALA,EUROPA,"358",false,2024-03-05 11:12:13.848,bd45e290-c5bc-5a2c-80bf-2372f0d822e7,2024-03-05 11:12:13.848,bd45e290-c5bc-5a2c-80bf-2372f0d822e7
d9338119-bf11-5674-9c1a-f36452c72600,ISLAS CAIMÁN,CAYMAN ISLANDS,KY,CYM,AMERICA,"345",false,2024-03-05 11:12:13.848,bd45e290-c5bc-5a2c-80bf-2372f0d822e7,2024-03-05 11:12:13.848,bd45e290-c5bc-5a2c-80bf-2372f0d822e7
"430f31e3-c15d-5116-a31d-d4310582c64b",ISLAS CHRISTMAS,CHRISTMAS ISLAND,CX,CXR,OCEANIA,"61",false,2024-03-05 11:12:13.848,bd45e290-c5bc-5a2c-80bf-2372f0d822e7,2024-03-05 11:12:13.848,bd45e290-c5bc-5a2c-80bf-2372f0d822e7
bb765411-5e40-53f2-b9a6-3313c0440d74,ISLAS COCOS,COCOS (KEELING) ISLANDS,CC,CCK,OCEANIA,"61",false,2024-03-05 11:12:13.848,bd45e290-c5bc-5a2c-80bf-2372f0d822e7,2024-03-05 11:12:13.848,bd45e290-c5bc-5a2c-80bf-2372f0d822e7
"1db552a8-ff9a-53ec-9ea7-40bcfd41de4c",ISLAS COOK,COOK ISLANDS,CK,COK,OCEANIA,"682",false,2024-03-05 11:12:13.848,bd45e290-c5bc-5a2c-80bf-2372f0d822e7,2024-03-05 11:12:13.848,bd45e290-c5bc-5a2c-80bf-2372f0d822e7
cfd874d4-e767-5618-a677-d76be2519fb4,ISLAS FAROE,FAROE ISLANDS,FO,FRO,EUROPA,"298",false,2024-03-05 11:12:13.848,bd45e290-c5bc-5a2c-80bf-2372f0d822e7,2024-03-05 11:12:13.848,bd45e290-c5bc-5a2c-80bf-2372f0d822e7
"5b63ea18-feb6-579e-8101-93a68ce7e644",ISLAS HEARD Y MCDONALD,HEARD ISLAND AND MCDONALD ISLANDS,HM,HMD,OCEANIA,"964",false,2024-03-05 11:12:13.848,bd45e290-c5bc-5a2c-80bf-2372f0d822e7,2024-05-06 20:11:28.484,bd45e290-c5bc-5a2c-80bf-2372f0d822e7
f7d561d8-369c-5f55-8ca8-4fc0d42cc044,ISLAS MALVINAS,FALKLAND ISLANDS,FK,KLK,AMERICA,"500",false,2024-03-05 11:12:13.848,bd45e290-c5bc-5a2c-80bf-2372f0d822e7,2024-05-06 19:56:20.455,bd45e290-c5bc-5a2c-80bf-2372f0d822e7
bf626778-446d-58f3-8218-9219b7d4b5c7,ISLAS MARIANAS DEL NORTE,NORTHERN MARIANA ISLANDS,MP,MNP,AMERICA,"1",false,2024-03-05 11:12:13.848,bd45e290-c5bc-5a2c-80bf-2372f0d822e7,2024-05-06 19:51:25.375,bd45e290-c5bc-5a2c-80bf-2372f0d822e7
"292a5267-8014-55bf-9e35-95773883c48c",ISLAS MARSHALL,MARSHALL ISLANDS,MH,MHL,OCEANIA,"692",false,2024-03-05 11:12:13.848,bd45e290-c5bc-5a2c-80bf-2372f0d822e7,2024-05-06 19:52:20.010,bd45e290-c5bc-5a2c-80bf-2372f0d822e7
"06440b0b-523d-5082-9555-88490634be5a",ISLAS NORKFOLK,NORFOLK ISLAND,NF,NFK,OCEANIA,"672",false,2024-03-05 11:12:13.848,bd45e290-c5bc-5a2c-80bf-2372f0d822e7,2024-03-05 11:12:13.848,bd45e290-c5bc-5a2c-80bf-2372f0d822e7
"6f619391-9e41-5cc8-9e51-b1a34c88dbcb",ISLAS PALAOS,PALAU,PW,PLW,OCEANIA,"680",false,2024-03-05 11:12:13.848,bd45e290-c5bc-5a2c-80bf-2372f0d822e7,2024-03-05 11:12:13.848,bd45e290-c5bc-5a2c-80bf-2372f0d822e7
"117955d3-6731-590c-93f9-9bf1502b00de",ISLAS PITCAIRN,PITCAIRN ISLAND,PN,PCN,OCEANIA,"64",false,2024-03-05 11:12:13.848,bd45e290-c5bc-5a2c-80bf-2372f0d822e7,2024-05-06 19:52:20.010,bd45e290-c5bc-5a2c-80bf-2372f0d822e7
"5a09ac9c-c478-5d37-842e-501d5e4d6924",ISLAS SOLOMÓN,SOLOMON ISLANDS,SB,SLB,OCEANIA,"677",false,2024-03-05 11:12:13.848,bd45e290-c5bc-5a2c-80bf-2372f0d822e7,2024-05-06 19:52:20.010,bd45e290-c5bc-5a2c-80bf-2372f0d822e7
"49480ec8-67cf-56ba-9cf6-a5ab2b7f111b",ISLAS TURCAS Y CAICOS,TURKS AND CAICOS ISLANDS,TC,TCA,AMERICA,"649",false,2024-03-05 11:12:13.848,bd45e290-c5bc-5a2c-80bf-2372f0d822e7,2024-03-05 11:12:13.848,bd45e290-c5bc-5a2c-80bf-2372f0d822e7
"69fe337b-cf2f-5994-a814-6c844348f317",ISLAS ULTRAMARINAS MENORES DE LOS ESTADOS UNIDOS,UNITED STATES MINOR OUTLYING ISLANDS,UM,UMI,AMERICA,"256",false,2024-03-05 11:12:13.848,bd45e290-c5bc-5a2c-80bf-2372f0d822e7,2024-03-05 11:12:13.848,bd45e290-c5bc-5a2c-80bf-2372f0d822e7
"54066ea3-5eb2-560f-b09a-08c2e9c096b1",ISLAS VÍRGENES BRITÁNICAS,VIRGIN ISLANDS (BRITISH),VG,VGB,AMERICA,"284",false,2024-03-05 11:12:13.848,bd45e290-c5bc-5a2c-80bf-2372f0d822e7,2024-03-05 11:12:13.848,bd45e290-c5bc-5a2c-80bf-2372f0d822e7
"84da0113-bcf2-538c-912b-f5774af228aa",ISLAS VÍRGENES DE LOS ESTADOS UNIDOS DE AMÉRICA,VIRGIN ISLANDS (US),VI,VIR,AMERICA,"340",false,2024-03-05 11:12:13.848,bd45e290-c5bc-5a2c-80bf-2372f0d822e7,2024-05-06 19:51:25.375,bd45e290-c5bc-5a2c-80bf-2372f0d822e7
"03be6bd6-12a2-5d98-81bd-301a0afade8a",ISRAEL,ISRAEL,IL,ISR,ASIA,"972",false,2024-03-05 11:12:13.848,bd45e290-c5bc-5a2c-80bf-2372f0d822e7,2024-03-05 11:12:13.848,bd45e290-c5bc-5a2c-80bf-2372f0d822e7
ae34885e-d3ec-5318-b5ba-1790f531df3a,ITALIA,ITALY,IT,ITA,EUROPA,"39",false,2024-03-05 11:12:13.848,bd45e290-c5bc-5a2c-80bf-2372f0d822e7,2024-03-05 11:12:13.848,bd45e290-c5bc-5a2c-80bf-2372f0d822e7
"9b57d3c2-bd40-5729-87dd-8a00321f0131",JAMAICA,JAMAICA,JM,JAM,AMERICA,"876",false,2024-03-05 11:12:13.848,bd45e290-c5bc-5a2c-80bf-2372f0d822e7,2024-05-06 19:51:25.375,bd45e290-c5bc-5a2c-80bf-2372f0d822e7
"4994838d-09f6-5699-91ef-8bcbfd2da00f",JAPÓN,JAPAN,JP,JPN,ASIA,"81",false,2024-03-05 11:12:13.848,bd45e290-c5bc-5a2c-80bf-2372f0d822e7,2024-03-05 11:12:13.848,bd45e290-c5bc-5a2c-80bf-2372f0d822e7
"6033751f-7e1f-5ff6-a9a4-ab00e5ff714b",JERSEY,JERSEY,JE,JEY,EUROPA,"1534",false,2024-03-05 11:12:13.848,bd45e290-c5bc-5a2c-80bf-2372f0d822e7,2024-03-05 11:12:13.848,bd45e290-c5bc-5a2c-80bf-2372f0d822e7
"63d5ce10-5926-57f6-9d54-d836d06cf149",JORDANIA,JORDAN,JO,JOR,ASIA,"962",false,2024-03-05 11:12:13.848,bd45e290-c5bc-5a2c-80bf-2372f0d822e7,2024-03-05 11:12:13.848,bd45e290-c5bc-5a2c-80bf-2372f0d822e7
"5f7d13c8-c5ce-5743-bf3f-ddfdaf99c65b",KAZAJSTÁN,KAZAKHSTAN,KZ,KAZ,ASIA,"7",false,2024-03-05 11:12:13.848,bd45e290-c5bc-5a2c-80bf-2372f0d822e7,2024-03-05 11:12:13.848,bd45e290-c5bc-5a2c-80bf-2372f0d822e7
"6db0ec5b-d14e-553d-8c8d-3de486ab7168",KENIA,KENYA,KE,KEN,AFRICA,"254",false,2024-03-05 11:12:13.848,bd45e290-c5bc-5a2c-80bf-2372f0d822e7,2024-03-05 11:12:13.848,bd45e290-c5bc-5a2c-80bf-2372f0d822e7
"3ed01c12-f18e-5128-bf35-15ff7ab31024",KIRGUISTÁN,KYRGYZSTAN,KG,KGZ,ASIA,"996",false,2024-03-05 11:12:13.848,bd45e290-c5bc-5a2c-80bf-2372f0d822e7,2024-03-05 11:12:13.848,bd45e290-c5bc-5a2c-80bf-2372f0d822e7
"77f0857d-75b9-5728-a003-e7e6d857fe90",KIRIBATI,KIRIBATI,KI,KIR,OCEANIA,"686",false,2024-03-05 11:12:13.848,bd45e290-c5bc-5a2c-80bf-2372f0d822e7,2024-05-06 19:52:20.010,bd45e290-c5bc-5a2c-80bf-2372f0d822e7
af0145f8-6919-5e50-986e-46539c5d4a80,KOSOVO,KOSOVO,XK,XKX,EUROPA,"383",false,2024-03-05 11:12:13.848,bd45e290-c5bc-5a2c-80bf-2372f0d822e7,2024-03-05 11:12:13.848,bd45e290-c5bc-5a2c-80bf-2372f0d822e7
"0404f127-314f-5bb9-8fdd-f61e8772bd92",KUWAIT,KUWAIT,KW,KWT,ASIA,"965",false,2024-03-05 11:12:13.848,bd45e290-c5bc-5a2c-80bf-2372f0d822e7,2024-03-05 11:12:13.848,bd45e290-c5bc-5a2c-80bf-2372f0d822e7
"73c738b0-3e0d-5235-a24c-120b242ec30e",LAOS,LAOS,LA,LAO,ASIA,"856",false,2024-03-05 11:12:13.848,bd45e290-c5bc-5a2c-80bf-2372f0d822e7,2024-03-05 11:12:13.848,bd45e290-c5bc-5a2c-80bf-2372f0d822e7
f12e972d-de5c-548a-8596-e9323e1940a6,LESOTHO,LESOTHO,LS,LSO,AFRICA,"266",false,2024-03-05 11:12:13.848,bd45e290-c5bc-5a2c-80bf-2372f0d822e7,2024-03-05 11:12:13.848,bd45e290-c5bc-5a2c-80bf-2372f0d822e7
"0ff09706-d8e7-5ea1-bdae-7c325ec4f9b1",LETONIA,LATVIA,LV,LVA,EUROPA,"371",false,2024-03-05 11:12:13.848,bd45e290-c5bc-5a2c-80bf-2372f0d822e7,2024-03-05 11:12:13.848,bd45e290-c5bc-5a2c-80bf-2372f0d822e7
"5948af47-2e9f-53ea-9d32-b9d491326b57",LÍBANO,LEBANON,LB,LBN,ASIA,"961",false,2024-03-05 11:12:13.848,bd45e290-c5bc-5a2c-80bf-2372f0d822e7,2024-03-05 11:12:13.848,bd45e290-c5bc-5a2c-80bf-2372f0d822e7
"8dcf15d4-9e3f-5baa-8885-72f6776b4052",LIBERIA,LIBERIA,LR,LBR,AFRICA,"231",false,2024-03-05 11:12:13.848,bd45e290-c5bc-5a2c-80bf-2372f0d822e7,2024-03-05 11:12:13.848,bd45e290-c5bc-5a2c-80bf-2372f0d822e7
d60c9421-c8ea-5ee9-a897-7fc58d875d54,LIBIA,LIBYA,LY,LBY,AFRICA,"218",false,2024-03-05 11:12:13.848,bd45e290-c5bc-5a2c-80bf-2372f0d822e7,2024-03-05 11:12:13.848,bd45e290-c5bc-5a2c-80bf-2372f0d822e7
"267df76e-118c-5714-803f-5d7eaeee1a5f",LIECHTENSTEIN,LIECHTENSTEIN,LI,LIE,EUROPA,"423",false,2024-03-05 11:12:13.848,bd45e290-c5bc-5a2c-80bf-2372f0d822e7,2024-03-05 11:12:13.848,bd45e290-c5bc-5a2c-80bf-2372f0d822e7
"706297d6-2aa3-5d3d-90a7-ab09703e1960",LITUANIA,LITHUANIA,LT,LTU,EUROPA,"370",false,2024-03-05 11:12:13.848,bd45e290-c5bc-5a2c-80bf-2372f0d822e7,2024-03-05 11:12:13.848,bd45e290-c5bc-5a2c-80bf-2372f0d822e7
"15e238a4-0076-5df3-b2bb-fbe7abaf7c8e",LUXEMBURGO,LUXEMBOURG,LU,LUX,EUROPA,"352",false,2024-03-05 11:12:13.848,bd45e290-c5bc-5a2c-80bf-2372f0d822e7,2024-03-05 11:12:13.848,bd45e290-c5bc-5a2c-80bf-2372f0d822e7
da61b6cb-6ff3-54bf-b052-342931e5956c,MACAO,MACAU,MO,MAC,ASIA,"853",false,2024-03-05 11:12:13.848,bd45e290-c5bc-5a2c-80bf-2372f0d822e7,2024-03-05 11:12:13.848,bd45e290-c5bc-5a2c-80bf-2372f0d822e7
"59fd1373-5228-5083-abda-e6a51c0d1c98",MACEDONIA,MACEDONIA,MK,MKD,EUROPA,"389",false,2024-03-05 11:12:13.848,bd45e290-c5bc-5a2c-80bf-2372f0d822e7,2024-03-05 11:12:13.848,bd45e290-c5bc-5a2c-80bf-2372f0d822e7
a3512f48-b7b6-57b6-ae2a-1168139f2d7a,MADAGASCAR,MADAGASCAR,MG,MDG,AFRICA,"261",false,2024-03-05 11:12:13.848,bd45e290-c5bc-5a2c-80bf-2372f0d822e7,2024-03-05 11:12:13.848,bd45e290-c5bc-5a2c-80bf-2372f0d822e7
"61612738-7b16-5b83-8934-221f672acf6f",MALASIA,MALAYSIA,MY,MYS,ASIA,"60",false,2024-03-05 11:12:13.848,bd45e290-c5bc-5a2c-80bf-2372f0d822e7,2024-03-05 11:12:13.848,bd45e290-c5bc-5a2c-80bf-2372f0d822e7
fd5bdca8-e066-59c2-90a1-1e4dae60c212,MALAWI,MALAWI,MW,MWI,AFRICA,"265",false,2024-03-05 11:12:13.848,bd45e290-c5bc-5a2c-80bf-2372f0d822e7,2024-03-05 11:12:13.848,bd45e290-c5bc-5a2c-80bf-2372f0d822e7
b593e041-b713-5308-ad5e-2a0f5d84c1d1,MALDIVAS,MALDIVES,MV,MDV,ASIA,"960",false,2024-03-05 11:12:13.848,bd45e290-c5bc-5a2c-80bf-2372f0d822e7,2024-03-05 11:12:13.848,bd45e290-c5bc-5a2c-80bf-2372f0d822e7
b3e7cb8f-f1b3-5988-b4fb-b7ddbe8edb04,MALI,MALI,ML,MLI,AFRICA,"223",false,2024-03-05 11:12:13.848,bd45e290-c5bc-5a2c-80bf-2372f0d822e7,2024-03-05 11:12:13.848,bd45e290-c5bc-5a2c-80bf-2372f0d822e7
"0a42dc9e-983d-5903-9545-b51e9ac440c5",MALTA,MALTA,MT,MLT,EUROPA,"356",false,2024-03-05 11:12:13.848,bd45e290-c5bc-5a2c-80bf-2372f0d822e7,2024-03-05 11:12:13.848,bd45e290-c5bc-5a2c-80bf-2372f0d822e7
d155f45b-e9e6-56dc-97e1-83aff88fb113,MARRUECOS,MOROCCO,MA,MAR,ASIA,"212",false,2024-03-05 11:12:13.848,bd45e290-c5bc-5a2c-80bf-2372f0d822e7,2024-03-05 11:12:13.848,bd45e290-c5bc-5a2c-80bf-2372f0d822e7
b108370e-9eba-5ac7-b3eb-448b76196184,MARTINICA,MARTINIQUE,MQ,MTQ,AMERICA,"596",false,2024-03-05 11:12:13.848,bd45e290-c5bc-5a2c-80bf-2372f0d822e7,2024-03-05 11:12:13.848,bd45e290-c5bc-5a2c-80bf-2372f0d822e7
"77091ba4-62bb-5aa8-ba3d-f44f3da694f1",MAURICIO,MAURITIUS,MU,MUS,AFRICA,"230",false,2024-03-05 11:12:13.848,bd45e290-c5bc-5a2c-80bf-2372f0d822e7,2024-03-05 11:12:13.848,bd45e290-c5bc-5a2c-80bf-2372f0d822e7
f2f83166-a95b-53b3-90dc-92236f3358e0,MAURITANIA,MAURITANIA,MR,MRT,AFRICA,"222",false,2024-03-05 11:12:13.848,bd45e290-c5bc-5a2c-80bf-2372f0d822e7,2024-03-05 11:12:13.848,bd45e290-c5bc-5a2c-80bf-2372f0d822e7
"3a269089-f8c6-5c28-931f-eecfc3d67f92",MAYOTTE,MAYOTTE,YT,MYT,AFRICA,"262",false,2024-03-05 11:12:13.848,bd45e290-c5bc-5a2c-80bf-2372f0d822e7,2024-03-05 11:12:13.848,bd45e290-c5bc-5a2c-80bf-2372f0d822e7
c44c1951-6317-55e6-acdc-bb74ab699002,MÉXICO,MEXICO,MX,MEX,AMERICA,"52",false,2024-03-05 11:12:13.848,bd45e290-c5bc-5a2c-80bf-2372f0d822e7,2024-05-06 19:51:25.375,bd45e290-c5bc-5a2c-80bf-2372f0d822e7
"2bd43d4b-ea26-5d54-8743-e0b76775d803",MICRONESIA,MICRONESIA,FM,FSM,OCEANIA,"691",false,2024-03-05 11:12:13.848,bd45e290-c5bc-5a2c-80bf-2372f0d822e7,2024-03-05 11:12:13.848,bd45e290-c5bc-5a2c-80bf-2372f0d822e7
f9caa554-a3fa-5e7f-ae9f-db44841fcfd3,MOLDAVIA,MOLDOVA,MD,MDA,EUROPA,"373",false,2024-03-05 11:12:13.848,bd45e290-c5bc-5a2c-80bf-2372f0d822e7,2024-05-07 12:07:17.739,bd45e290-c5bc-5a2c-80bf-2372f0d822e7
"7aaaebb2-d108-5755-adb3-d3f2cde756bf",MÓNACO,MONACO,MC,MCO,EUROPA,"377",false,2024-03-05 11:12:13.848,bd45e290-c5bc-5a2c-80bf-2372f0d822e7,2024-03-05 11:12:13.848,bd45e290-c5bc-5a2c-80bf-2372f0d822e7
"5a72de07-c881-58b7-a6d8-7dff65045e4f",MONGOLIA,MONGOLIA,MN,MNG,ASIA,"976",false,2024-03-05 11:12:13.848,bd45e290-c5bc-5a2c-80bf-2372f0d822e7,2024-03-05 11:12:13.848,bd45e290-c5bc-5a2c-80bf-2372f0d822e7
d3f82760-445c-5a2e-a0c2-56df0ab0d4d0,MONTENEGRO,MONTENEGRO,ME,MNE,EUROPA,"382",false,2024-03-05 11:12:13.848,bd45e290-c5bc-5a2c-80bf-2372f0d822e7,2024-03-05 11:12:13.848,bd45e290-c5bc-5a2c-80bf-2372f0d822e7
"0ca27041-a27f-5baa-894e-5f76a018e1f8",MONTSERRAT,MONTSERRAT,MS,MSR,AMERICA,"664",false,2024-03-05 11:12:13.848,bd45e290-c5bc-5a2c-80bf-2372f0d822e7,2024-03-05 11:12:13.848,bd45e290-c5bc-5a2c-80bf-2372f0d822e7
"8aed2744-2349-5fb1-97ab-169b4858b599",MOZAMBIQUE,MOZAMBIQUE,MZ,MOZ,AFRICA,"258",false,2024-03-05 11:12:13.848,bd45e290-c5bc-5a2c-80bf-2372f0d822e7,2024-03-05 11:12:13.848,bd45e290-c5bc-5a2c-80bf-2372f0d822e7
"5f799af0-a942-563d-b552-71796eb46acc",MYANMAR,MYANMAR,MM,MMR,ASIA,"95",false,2024-03-05 11:12:13.848,bd45e290-c5bc-5a2c-80bf-2372f0d822e7,2024-03-05 11:12:13.848,bd45e290-c5bc-5a2c-80bf-2372f0d822e7
"8b5dcc67-03c9-51a8-8bf9-2246877b4b37",NAMIBIA,NAMIBIA,NA,NAM,AFRICA,"264",false,2024-03-05 11:12:13.848,bd45e290-c5bc-5a2c-80bf-2372f0d822e7,2024-03-05 11:12:13.848,bd45e290-c5bc-5a2c-80bf-2372f0d822e7
"3510ad97-b081-512f-afa0-d5bf3062a633",NAURU,NAURU,NR,NRU,OCEANIA,"674",false,2024-03-05 11:12:13.848,bd45e290-c5bc-5a2c-80bf-2372f0d822e7,2024-05-06 19:52:20.010,bd45e290-c5bc-5a2c-80bf-2372f0d822e7
"48ac14cb-8212-54aa-bb50-c07441def796",NEPAL,NEPAL,NP,NPL,ASIA,"977",false,2024-03-05 11:12:13.848,bd45e290-c5bc-5a2c-80bf-2372f0d822e7,2024-03-05 11:12:13.848,bd45e290-c5bc-5a2c-80bf-2372f0d822e7
cac981bc-e9df-51d4-9cbc-513ee8730990,NICARAGUA,NICARAGUA,NI,NIC,AMERICA,"505",false,2024-03-05 11:12:13.848,bd45e290-c5bc-5a2c-80bf-2372f0d822e7,2024-05-06 19:51:25.375,bd45e290-c5bc-5a2c-80bf-2372f0d822e7
b069f488-fd24-5d5d-8f50-545a288987da,NÍGER,NIGER,NE,NER,AFRICA,"227",false,2024-03-05 11:12:13.848,bd45e290-c5bc-5a2c-80bf-2372f0d822e7,2024-03-05 11:12:13.848,bd45e290-c5bc-5a2c-80bf-2372f0d822e7
f9368bac-540f-5386-8f9d-ded4d5828801,NIGERIA,NIGERIA,NG,NGA,AFRICA,"234",false,2024-03-05 11:12:13.848,bd45e290-c5bc-5a2c-80bf-2372f0d822e7,2024-03-05 11:12:13.848,bd45e290-c5bc-5a2c-80bf-2372f0d822e7
"3ad054f1-4333-5fef-85d0-c8a5267319f1",NIUE,NIUE,NU,NIU,OCEANIA,"683",false,2024-03-05 11:12:13.848,bd45e290-c5bc-5a2c-80bf-2372f0d822e7,2024-03-05 11:12:13.848,bd45e290-c5bc-5a2c-80bf-2372f0d822e7
c3e7bdfd-74a5-5451-a586-2e558c74bc5b,NORUEGA,NORWAY,NO,NOR,EUROPA,"47",false,2024-03-05 11:12:13.848,bd45e290-c5bc-5a2c-80bf-2372f0d822e7,2024-03-05 11:12:13.848,bd45e290-c5bc-5a2c-80bf-2372f0d822e7
d5948504-3c23-5133-bebf-82342e34553b,NUEVA CALEDONIA,NEW CALEDONIA,NC,NCL,OCEANIA,"687",false,2024-03-05 11:12:13.848,bd45e290-c5bc-5a2c-80bf-2372f0d822e7,2024-03-05 11:12:13.848,bd45e290-c5bc-5a2c-80bf-2372f0d822e7
"1b938940-24f6-50b7-a930-abfeffd8464f",NUEVA ZELANDA,NEW ZEALAND,NZ,NZL,OCEANIA,"64",false,2024-03-05 11:12:13.848,bd45e290-c5bc-5a2c-80bf-2372f0d822e7,2024-05-06 19:52:20.010,bd45e290-c5bc-5a2c-80bf-2372f0d822e7
f664456f-4909-5b2e-b0dd-ae7e69253142,OMÁN,OMAN,OM,OMN,ASIA,"968",false,2024-03-05 11:12:13.848,bd45e290-c5bc-5a2c-80bf-2372f0d822e7,2024-03-05 11:12:13.848,bd45e290-c5bc-5a2c-80bf-2372f0d822e7
"905a4460-6733-51d4-9301-925c3fa6d853",PAÍSES BAJOS,NETHERLANDS,NL,NLD,EUROPA,"31",false,2024-03-05 11:12:13.848,bd45e290-c5bc-5a2c-80bf-2372f0d822e7,2024-03-05 11:12:13.848,bd45e290-c5bc-5a2c-80bf-2372f0d822e7
e95972cd-d8ec-57b3-adc3-5c38803c93e1,PAKISTÁN,PAKISTAN,PK,PAK,ASIA,"92",false,2024-03-05 11:12:13.848,bd45e290-c5bc-5a2c-80bf-2372f0d822e7,2024-03-05 11:12:13.848,bd45e290-c5bc-5a2c-80bf-2372f0d822e7
cdd0734e-62c6-5f86-bbe0-095a712c3448,PALESTINA,PALESTINIAN TERRITORY OCCUPIED,PS,PSE,ASIA,"970",false,2024-03-05 11:12:13.848,bd45e290-c5bc-5a2c-80bf-2372f0d822e7,2024-03-05 11:12:13.848,bd45e290-c5bc-5a2c-80bf-2372f0d822e7
c887e96a-b56e-53f8-864a-fdded751d8a0,PANAMÁ,PANAMA,PA,PAN,AMERICA,"507",false,2024-03-05 11:12:13.848,bd45e290-c5bc-5a2c-80bf-2372f0d822e7,2024-05-06 19:51:25.375,bd45e290-c5bc-5a2c-80bf-2372f0d822e7
aa93057c-9e15-575c-b926-5f497a95d785,TÚNEZ,TUNISIA,TN,TUN,AFRICA,"216",false,2024-03-05 11:12:13.848,bd45e290-c5bc-5a2c-80bf-2372f0d822e7,2024-03-05 11:12:13.848,bd45e290-c5bc-5a2c-80bf-2372f0d822e7
f1cdf5ba-971a-5431-b312-40c3ec78bd34,PAPÚA NUEVA GUINEA,PAPUA NEW GUINEA,PG,PNG,OCEANIA,"675",false,2024-03-05 11:12:13.848,bd45e290-c5bc-5a2c-80bf-2372f0d822e7,2024-05-06 19:52:20.010,bd45e290-c5bc-5a2c-80bf-2372f0d822e7
"7b505d08-ca4c-5e37-bae6-0f2641524c16",PARAGUAY,PARAGUAY,PY,PRY,AMERICA,"595",false,2024-03-05 11:12:13.848,bd45e290-c5bc-5a2c-80bf-2372f0d822e7,2024-05-06 19:51:25.375,bd45e290-c5bc-5a2c-80bf-2372f0d822e7
"65509ae2-3ba4-5447-a292-b6adfa759ef6",PERÚ,PERU,PE,PER,AMERICA,"51",false,2024-03-05 11:12:13.848,bd45e290-c5bc-5a2c-80bf-2372f0d822e7,2024-05-06 19:51:25.375,bd45e290-c5bc-5a2c-80bf-2372f0d822e7
b65b39f4-61c0-5c99-8528-174b93405bb9,POLINESIA FRANCESA,FRENCH POLYNESIA,PF,PYF,OCEANIA,"689",false,2024-03-05 11:12:13.848,bd45e290-c5bc-5a2c-80bf-2372f0d822e7,2024-03-05 11:12:13.848,bd45e290-c5bc-5a2c-80bf-2372f0d822e7
"7c791b6f-01dd-5f68-b6eb-9774732b3766",POLONIA,POLAND,PL,POL,EUROPA,"48",false,2024-03-05 11:12:13.848,bd45e290-c5bc-5a2c-80bf-2372f0d822e7,2024-03-05 11:12:13.848,bd45e290-c5bc-5a2c-80bf-2372f0d822e7
"207b4ad2-4e63-5088-b6fc-be3806e30ed7",PORTUGAL,PORTUGAL,PT,PRT,EUROPA,"351",false,2024-03-05 11:12:13.848,bd45e290-c5bc-5a2c-80bf-2372f0d822e7,2024-03-05 11:12:13.848,bd45e290-c5bc-5a2c-80bf-2372f0d822e7
"1f5ca7be-6203-5586-8f7f-68e5250f6a7c",PUERTO RICO,PUERTO RICO,PR,PRI,AMERICA,"506",false,2024-03-05 11:12:13.848,bd45e290-c5bc-5a2c-80bf-2372f0d822e7,2024-05-06 19:51:25.375,bd45e290-c5bc-5a2c-80bf-2372f0d822e7
"37072dc0-7353-5c74-bf32-675a60dba89c",QATAR,QATAR,QA,QAT,ASIA,"974",false,2024-03-05 11:12:13.848,bd45e290-c5bc-5a2c-80bf-2372f0d822e7,2024-03-05 11:12:13.848,bd45e290-c5bc-5a2c-80bf-2372f0d822e7
ce05b9b4-4b0f-5e59-b7d5-104e33185f86,REINO UNIDO,UNITED KINGDOM,GB,GBR,EUROPA,"44",false,2024-03-05 11:12:13.848,bd45e290-c5bc-5a2c-80bf-2372f0d822e7,2024-03-05 11:12:13.848,bd45e290-c5bc-5a2c-80bf-2372f0d822e7
"5ec5979d-56aa-5d04-aa99-802269aaefeb",REPUBLICA CENTROAFRICANA,CENTRAL AFRICAN REPUBLIC,CF,CAF,AFRICA,"236",false,2024-03-05 11:12:13.848,bd45e290-c5bc-5a2c-80bf-2372f0d822e7,2024-03-05 11:12:13.848,bd45e290-c5bc-5a2c-80bf-2372f0d822e7
fefdaf22-1d42-54e8-964b-47f373f31508,REPÚBLICA CHECA,CZECH REPUBLIC,CZ,CZE,EUROPA,"420",false,2024-03-05 11:12:13.848,bd45e290-c5bc-5a2c-80bf-2372f0d822e7,2024-03-05 11:12:13.848,bd45e290-c5bc-5a2c-80bf-2372f0d822e7
"468dc9a6-2084-53fc-9bc2-12ad5deb1581",REPÚBLICA DEMOCRÁTICA DEL CONGO,DEMOCRATIC REPUBLIC OF THE CONGO,CD,COD,AFRICA,"243",false,2024-03-05 11:12:13.848,bd45e290-c5bc-5a2c-80bf-2372f0d822e7,2024-03-05 11:12:13.848,bd45e290-c5bc-5a2c-80bf-2372f0d822e7
"2245c256-3cda-5185-804c-b91b0f542428",REPÚBLICA DOMINICANA,DOMINICAN REPUBLIC,DO,DOM,AMERICA,"809",false,2024-03-05 11:12:13.848,bd45e290-c5bc-5a2c-80bf-2372f0d822e7,2024-05-06 19:51:25.375,bd45e290-c5bc-5a2c-80bf-2372f0d822e7
d5c4b0bb-656c-56e2-9167-873008716ae6,REUNIÓN,REUNION,RE,REU,AFRICA,"262",false,2024-03-05 11:12:13.848,bd45e290-c5bc-5a2c-80bf-2372f0d822e7,2024-03-05 11:12:13.848,bd45e290-c5bc-5a2c-80bf-2372f0d822e7
"10620a17-6420-525d-98a9-5e2df2919589",RUANDA,RWANDA,RW,RWA,AFRICA,"250",false,2024-03-05 11:12:13.848,bd45e290-c5bc-5a2c-80bf-2372f0d822e7,2024-03-05 11:12:13.848,bd45e290-c5bc-5a2c-80bf-2372f0d822e7
"6198ee87-4782-5a7f-bc56-3cce04198c10",RUMANIA,ROMANIA,RO,ROU,EUROPA,"40",false,2024-03-05 11:12:13.848,bd45e290-c5bc-5a2c-80bf-2372f0d822e7,2024-03-05 11:12:13.848,bd45e290-c5bc-5a2c-80bf-2372f0d822e7
b8fe4286-c707-5cf5-b87e-1616e48894a5,RUSIA,RUSSIA,RU,RUS,ASIA,"7",true,2024-03-05 11:12:13.848,bd45e290-c5bc-5a2c-80bf-2372f0d822e7,2024-05-07 14:28:49.981,bd45e290-c5bc-5a2c-80bf-2372f0d822e7
"836a3e95-0b22-5b88-a0c0-8bacd0c7da60",SAHARA OCCIDENTAL,WESTERN SAHARA,EH,ESH,AFRICA,"212",false,2024-03-05 11:12:13.848,bd45e290-c5bc-5a2c-80bf-2372f0d822e7,2024-03-05 11:12:13.848,bd45e290-c5bc-5a2c-80bf-2372f0d822e7
b82578a5-dc92-5adf-b4fe-48f44a60e0e7,SAMOA,SAMOA,WS,WSM,OCEANIA,"685",false,2024-03-05 11:12:13.848,bd45e290-c5bc-5a2c-80bf-2372f0d822e7,2024-03-05 11:12:13.848,bd45e290-c5bc-5a2c-80bf-2372f0d822e7
"052e3506-7eee-59d2-8b3d-c6f9ed13a07b",SAMOA AMERICANA,AMERICAN SAMOA,AS,ASM,AFRICA,"684",false,2024-03-05 11:12:13.848,bd45e290-c5bc-5a2c-80bf-2372f0d822e7,2024-03-05 11:12:13.848,bd45e290-c5bc-5a2c-80bf-2372f0d822e7
"4b130120-2b5e-5434-95fe-baa56f3f4c3d",SAN BARTOLOMÉ,SAINT-BARTHELEMY,BL,BLM,AMERICA,"590",false,2024-03-05 11:12:13.848,bd45e290-c5bc-5a2c-80bf-2372f0d822e7,2024-03-05 11:12:13.848,bd45e290-c5bc-5a2c-80bf-2372f0d822e7
"43dd53de-ffd1-522b-bf2d-f7ab6c8d787a",SAN CRISTÓBAL Y NIEVES,SAINT KITTS AND NEVIS,KN,KNA,AMERICA,"869",false,2024-03-05 11:12:13.848,bd45e290-c5bc-5a2c-80bf-2372f0d822e7,2024-05-06 19:51:25.375,bd45e290-c5bc-5a2c-80bf-2372f0d822e7
"86f90b64-3988-5ab2-9df9-0769a4c34519",SAN MARINO,SAN MARINO,SM,SMR,EUROPA,"378",false,2024-03-05 11:12:13.848,bd45e290-c5bc-5a2c-80bf-2372f0d822e7,2024-03-05 11:12:13.848,bd45e290-c5bc-5a2c-80bf-2372f0d822e7
"7e60caca-b9fb-5c9d-921f-2e5fd794e3cf",SAN MARTIN FRANCESA,SAINT-MARTIN (FRENCH PART),MF,MAF,AMERICA,"590",false,2024-03-05 11:12:13.848,bd45e290-c5bc-5a2c-80bf-2372f0d822e7,2024-05-07 12:14:04.430,bd45e290-c5bc-5a2c-80bf-2372f0d822e7
"61c7801a-ea08-52a8-9a79-b7a7bdacdbbb",SAN MARTIN HOLANDESA,SINT MAARTEN (DUTCH PART),SX,SXM,AMERICA,"1721",false,2024-03-05 11:12:13.848,bd45e290-c5bc-5a2c-80bf-2372f0d822e7,2024-05-07 12:15:11.900,bd45e290-c5bc-5a2c-80bf-2372f0d822e7
"700ea87a-8f57-5786-b776-44f6f1ecf7e4",SAN PEDRO Y MIQUELÓN,SAINT PIERRE AND MIQUELON,PM,SPM,AMERICA,"508",false,2024-03-05 11:12:13.848,bd45e290-c5bc-5a2c-80bf-2372f0d822e7,2024-03-05 11:12:13.848,bd45e290-c5bc-5a2c-80bf-2372f0d822e7
"503471a7-51e8-5911-a56e-46e68771a36c",SAN VICENTE Y LAS GRANADINAS,SAINT VINCENT AND THE GRENADINES,VC,VCT,AMERICA,"784",false,2024-03-05 11:12:13.848,bd45e290-c5bc-5a2c-80bf-2372f0d822e7,2024-03-05 11:12:13.848,bd45e290-c5bc-5a2c-80bf-2372f0d822e7
"473d891d-cbde-57ec-8642-7021ea2594ff",SANTA ELENA,SAINT HELENA,SH,SHN,AFRICA,"290",false,2024-03-05 11:12:13.848,bd45e290-c5bc-5a2c-80bf-2372f0d822e7,2024-03-05 11:12:13.848,bd45e290-c5bc-5a2c-80bf-2372f0d822e7
ca1e0fd0-8a89-5a3f-823b-32add2ed2312,SANTA LUCÍA,SAINT LUCIA,LC,LCA,AMERICA,"758",false,2024-03-05 11:12:13.848,bd45e290-c5bc-5a2c-80bf-2372f0d822e7,2024-05-06 19:51:25.375,bd45e290-c5bc-5a2c-80bf-2372f0d822e7
"99ea717f-662d-5d2c-9f64-75bcd03945c4",SANTO TOMÉ Y PRÍNCIPE,SAO TOME AND PRINCIPE,ST,STP,AFRICA,"239",false,2024-03-05 11:12:13.848,bd45e290-c5bc-5a2c-80bf-2372f0d822e7,2024-03-05 11:12:13.848,bd45e290-c5bc-5a2c-80bf-2372f0d822e7
e14caa23-b072-5317-be2d-52904730fb5e,SENEGAL,SENEGAL,SN,SEN,AFRICA,"221",false,2024-03-05 11:12:13.848,bd45e290-c5bc-5a2c-80bf-2372f0d822e7,2024-03-05 11:12:13.848,bd45e290-c5bc-5a2c-80bf-2372f0d822e7
"45c9e80b-1d02-5d10-9d92-2e0971270786",SERBIA,SERBIA,RS,SRB,EUROPA,"381",false,2024-03-05 11:12:13.848,bd45e290-c5bc-5a2c-80bf-2372f0d822e7,2024-03-05 11:12:13.848,bd45e290-c5bc-5a2c-80bf-2372f0d822e7
be92474b-25ab-512c-886f-0056151112ed,SEYCHELLES,SEYCHELLES,SC,SYC,AFRICA,"248",false,2024-03-05 11:12:13.848,bd45e290-c5bc-5a2c-80bf-2372f0d822e7,2024-03-05 11:12:13.848,bd45e290-c5bc-5a2c-80bf-2372f0d822e7
"7c418645-c89a-5399-ada4-cfe2373054ef",SIERRA LEONA,SIERRA LEONE,SL,SLE,AFRICA,"232",false,2024-03-05 11:12:13.848,bd45e290-c5bc-5a2c-80bf-2372f0d822e7,2024-03-05 11:12:13.848,bd45e290-c5bc-5a2c-80bf-2372f0d822e7
"7ab20270-d99d-528a-9354-7a6ce54cbdeb",SINGAPUR,SINGAPORE,SG,SGP,ASIA,"65",false,2024-03-05 11:12:13.848,bd45e290-c5bc-5a2c-80bf-2372f0d822e7,2024-03-05 11:12:13.848,bd45e290-c5bc-5a2c-80bf-2372f0d822e7
"8be6c54f-0928-5f64-98d2-cf2da5497066",SIRIA,SYRIA,SY,SYR,ASIA,"963",false,2024-03-05 11:12:13.848,bd45e290-c5bc-5a2c-80bf-2372f0d822e7,2024-03-05 11:12:13.848,bd45e290-c5bc-5a2c-80bf-2372f0d822e7
"67a6f3b4-5711-5ddb-9d0a-fdbebb2f9f67",SOMALIA,SOMALIA,SO,SOM,AFRICA,"252",false,2024-03-05 11:12:13.848,bd45e290-c5bc-5a2c-80bf-2372f0d822e7,2024-03-05 11:12:13.848,bd45e290-c5bc-5a2c-80bf-2372f0d822e7
"16f96264-62f1-5aa2-923f-d58f2521242b",SRI LANKA,SRI LANKA,LK,LKA,ASIA,"94",false,2024-03-05 11:12:13.848,bd45e290-c5bc-5a2c-80bf-2372f0d822e7,2024-03-05 11:12:13.848,bd45e290-c5bc-5a2c-80bf-2372f0d822e7
"4896d33b-d226-5bfc-9048-2199c4c21e2e",SUAZILANDIA,SWAZILAND,SZ,SWZ,AFRICA,"268",false,2024-03-05 11:12:13.848,bd45e290-c5bc-5a2c-80bf-2372f0d822e7,2024-03-05 11:12:13.848,bd45e290-c5bc-5a2c-80bf-2372f0d822e7
"22263645-6ce6-5ac7-8623-1a61457ce93f",SUDÁFRICA,SOUTH AFRICA,ZA,ZAF,AFRICA,"27",false,2024-03-05 11:12:13.848,bd45e290-c5bc-5a2c-80bf-2372f0d822e7,2024-03-05 11:12:13.848,bd45e290-c5bc-5a2c-80bf-2372f0d822e7
"23b0b09c-a593-5275-8fb0-6fdb67939db0",SUDÁN,SUDAN,SD,SDN,AFRICA,"249",false,2024-03-05 11:12:13.848,bd45e290-c5bc-5a2c-80bf-2372f0d822e7,2024-03-05 11:12:13.848,bd45e290-c5bc-5a2c-80bf-2372f0d822e7
"7bc954e4-b043-570b-a268-b0550d2b119d",SUDÁN DEL SUR,SOUTH SUDAN,SS,SSD,AFRICA,"211",false,2024-03-05 11:12:13.848,bd45e290-c5bc-5a2c-80bf-2372f0d822e7,2024-03-05 11:12:13.848,bd45e290-c5bc-5a2c-80bf-2372f0d822e7
"5ec54a69-3cc1-5463-a77d-12f6b3c4ad35",SUECIA,SWEDEN,SE,SWE,EUROPA,"46",false,2024-03-05 11:12:13.848,bd45e290-c5bc-5a2c-80bf-2372f0d822e7,2024-03-05 11:12:13.848,bd45e290-c5bc-5a2c-80bf-2372f0d822e7
"438788b8-eceb-56ad-8d35-68ad010e8091",SUIZA,SWITZERLAND,CH,CHE,EUROPA,"41",false,2024-03-05 11:12:13.848,bd45e290-c5bc-5a2c-80bf-2372f0d822e7,2024-03-05 11:12:13.848,bd45e290-c5bc-5a2c-80bf-2372f0d822e7
f780640b-244a-5729-95ea-5de5e31b1799,SURINAM,SURINAME,SR,SUR,AMERICA,"597",false,2024-03-05 11:12:13.848,bd45e290-c5bc-5a2c-80bf-2372f0d822e7,2024-05-06 19:51:25.375,bd45e290-c5bc-5a2c-80bf-2372f0d822e7
c9fd2e09-12f4-54dd-9d75-18f6c379b75f,SVALBARD Y JAN MAYEN,SVALBARD AND JAN MAYEN ISLANDS,SJ,SJM,EUROPA,"47",false,2024-03-05 11:12:13.848,bd45e290-c5bc-5a2c-80bf-2372f0d822e7,2024-05-07 12:24:06.466,bd45e290-c5bc-5a2c-80bf-2372f0d822e7
f2faf933-bd0f-5ec2-b919-5d8a94eab176,TAILANDIA,THAILAND,TH,THA,ASIA,"66",false,2024-03-05 11:12:13.848,bd45e290-c5bc-5a2c-80bf-2372f0d822e7,2024-03-05 11:12:13.848,bd45e290-c5bc-5a2c-80bf-2372f0d822e7
"5e1a8ecc-d05e-57b2-817a-f2d42f1393a2",TAIWÁN,TAIWAN,TW,TWN,ASIA,"886",false,2024-03-05 11:12:13.848,bd45e290-c5bc-5a2c-80bf-2372f0d822e7,2024-03-05 11:12:13.848,bd45e290-c5bc-5a2c-80bf-2372f0d822e7
"4813664a-1c62-5bf0-ba05-25b382484fc2",TANZANIA,TANZANIA,TZ,TZA,OCEANIA,"66",false,2024-03-05 11:12:13.848,bd45e290-c5bc-5a2c-80bf-2372f0d822e7,2024-05-06 19:52:20.010,bd45e290-c5bc-5a2c-80bf-2372f0d822e7
eecfca20-d777-59cd-a8c5-22322020843e,TAYIKISTÁN,TAJIKISTAN,TJ,TJK,ASIA,"992",false,2024-03-05 11:12:13.848,bd45e290-c5bc-5a2c-80bf-2372f0d822e7,2024-03-05 11:12:13.848,bd45e290-c5bc-5a2c-80bf-2372f0d822e7
"3149ebc5-3a69-5d41-b429-def25854f757",TERRITORIO BRITÁNICO DEL OCÉANO ÍNDICO,BRITISH INDIAN OCEAN TERRITORY,IO,IOT,OCEANIA,"246",false,2024-03-05 11:12:13.848,bd45e290-c5bc-5a2c-80bf-2372f0d822e7,2024-05-06 19:52:20.010,bd45e290-c5bc-5a2c-80bf-2372f0d822e7
cc614e8f-4178-5f24-99d3-14e8f30e21eb,TERRITORIOS AUSTRALES FRANCESES,FRENCH SOUTHERN TERRITORIES,TF,ATF,OCEANIA,-1,false,2024-03-05 11:12:13.848,bd45e290-c5bc-5a2c-80bf-2372f0d822e7,2024-05-06 19:52:20.010,bd45e290-c5bc-5a2c-80bf-2372f0d822e7
"29229917-f0ce-51b8-92ad-ab9cedb9ffc4",TIMOR ORIENTAL,EAST TIMOR,TL,TLS,ASIA,"670",false,2024-03-05 11:12:13.848,bd45e290-c5bc-5a2c-80bf-2372f0d822e7,2024-05-07 13:56:51.536,bd45e290-c5bc-5a2c-80bf-2372f0d822e7
c42339aa-6757-5e48-b350-81357c930835,TOGO,TOGO,TG,TGO,AFRICA,"228",false,2024-03-05 11:12:13.848,bd45e290-c5bc-5a2c-80bf-2372f0d822e7,2024-03-05 11:12:13.848,bd45e290-c5bc-5a2c-80bf-2372f0d822e7
"31d666a1-6a08-562f-b04e-413731ea1a5c",TOKELAU,TOKELAU,TK,TKL,OCEANIA,"690",false,2024-03-05 11:12:13.848,bd45e290-c5bc-5a2c-80bf-2372f0d822e7,2024-03-05 11:12:13.848,bd45e290-c5bc-5a2c-80bf-2372f0d822e7
"7eaa851d-d549-548b-8562-ba3296f85660",TONGA,TONGA,TO,TON,OCEANIA,"676",false,2024-03-05 11:12:13.848,bd45e290-c5bc-5a2c-80bf-2372f0d822e7,2024-05-06 19:52:20.010,bd45e290-c5bc-5a2c-80bf-2372f0d822e7
"0463ee71-572f-5185-bedc-62306d7c7ca8",TRINIDAD Y TOBAGO,TRINIDAD AND TOBAGO,TT,TTO,AMERICA,"868",false,2024-03-05 11:12:13.848,bd45e290-c5bc-5a2c-80bf-2372f0d822e7,2024-05-06 19:51:25.375,bd45e290-c5bc-5a2c-80bf-2372f0d822e7
"5024a8c6-2409-5c29-ba10-ae5fd612cfe1",TURKMENISTÁN,TURKMENISTAN,TM,TKM,ASIA,"993",false,2024-03-05 11:12:13.848,bd45e290-c5bc-5a2c-80bf-2372f0d822e7,2024-03-05 11:12:13.848,bd45e290-c5bc-5a2c-80bf-2372f0d822e7
"6fe98dec-5cb2-54f8-83ba-6b2ff163c56d",TURQUÍA,TURKEY,TR,TUR,ASIA,"90",false,2024-03-05 11:12:13.848,bd45e290-c5bc-5a2c-80bf-2372f0d822e7,2024-03-05 11:12:13.848,bd45e290-c5bc-5a2c-80bf-2372f0d822e7
"651fc32a-1afd-5208-8771-5d824c68b7f4",TUVALU,TUVALU,TV,TUV,OCEANIA,"688",false,2024-03-05 11:12:13.848,bd45e290-c5bc-5a2c-80bf-2372f0d822e7,2024-03-05 11:12:13.848,bd45e290-c5bc-5a2c-80bf-2372f0d822e7
"8c1b6198-7d56-524c-bb6f-d4bcb75a6ef0",UCRANIA,UKRAINE,UA,UKR,EUROPA,"380",false,2024-03-05 11:12:13.848,bd45e290-c5bc-5a2c-80bf-2372f0d822e7,2024-03-05 11:12:13.848,bd45e290-c5bc-5a2c-80bf-2372f0d822e7
ac91564e-c3c5-5e7d-8fe0-b3db2d5384fd,UGANDA,UGANDA,UG,UGA,AFRICA,"256",false,2024-03-05 11:12:13.848,bd45e290-c5bc-5a2c-80bf-2372f0d822e7,2024-03-05 11:12:13.848,bd45e290-c5bc-5a2c-80bf-2372f0d822e7
"3f4f7e2d-349d-5cf3-8120-a3f08cec38e7",URUGUAY,URUGUAY,UY,URY,AMERICA,"598",false,2024-03-05 11:12:13.848,bd45e290-c5bc-5a2c-80bf-2372f0d822e7,2024-05-06 19:51:25.375,bd45e290-c5bc-5a2c-80bf-2372f0d822e7
"9187d83d-4b4e-5bbb-90ab-853eb7f02ce7",UZBEKISTÁN,UZBEKISTAN,UZ,UZB,ASIA,"998",false,2024-03-05 11:12:13.848,bd45e290-c5bc-5a2c-80bf-2372f0d822e7,2024-03-05 11:12:13.848,bd45e290-c5bc-5a2c-80bf-2372f0d822e7
"064d38c4-a064-5bbc-bf95-131e3e84b8d6",VANUATU,VANUATU,VU,VUT,OCEANIA,"678",false,2024-03-05 11:12:13.848,bd45e290-c5bc-5a2c-80bf-2372f0d822e7,2024-03-05 11:12:13.848,bd45e290-c5bc-5a2c-80bf-2372f0d822e7
"14fb4981-3380-5522-9daf-dcd8414d9a49",VENEZUELA,VENEZUELA,VE,VEN,AMERICA,"58",false,2024-03-05 11:12:13.848,bd45e290-c5bc-5a2c-80bf-2372f0d822e7,2024-05-06 19:51:25.375,bd45e290-c5bc-5a2c-80bf-2372f0d822e7
"5189cfad-eaf0-5bda-8791-60ede9512f5a",VIETNAM,VIETNAM,VN,VNM,ASIA,"84",false,2024-03-05 11:12:13.848,bd45e290-c5bc-5a2c-80bf-2372f0d822e7,2024-03-05 11:12:13.848,bd45e290-c5bc-5a2c-80bf-2372f0d822e7
"6d6f183c-9467-5f45-a17c-cdecaf064e1f",WALLIS Y FUTUNA,WALLIS AND FUTUNA ISLANDS,WF,WLF,OCEANIA,"681",false,2024-03-05 11:12:13.848,bd45e290-c5bc-5a2c-80bf-2372f0d822e7,2024-03-05 11:12:13.848,bd45e290-c5bc-5a2c-80bf-2372f0d822e7
"5d511674-0b4c-59cc-bd0a-d159a7330a1f",YEMEN,YEMEN,YE,YEM,ASIA,"967",false,2024-03-05 11:12:13.848,bd45e290-c5bc-5a2c-80bf-2372f0d822e7,2024-03-05 11:12:13.848,bd45e290-c5bc-5a2c-80bf-2372f0d822e7
af1fca99-23e2-50be-baf7-dbf35173f8d5,YIBUTI,DJIBOUTI,DJ,DJI,AFRICA,"253",false,2024-03-05 11:12:13.848,bd45e290-c5bc-5a2c-80bf-2372f0d822e7,2024-03-05 11:12:13.848,bd45e290-c5bc-5a2c-80bf-2372f0d822e7
"02561c17-fda7-5f5d-967e-2394f79c9e5a",ZAMBIA,ZAMBIA,ZM,ZMB,AFRICA,"260",false,2024-03-05 11:12:13.848,bd45e290-c5bc-5a2c-80bf-2372f0d822e7,2024-03-05 11:12:13.848,bd45e290-c5bc-5a2c-80bf-2372f0d822e7
bd3152d3-f529-57d8-9a39-b2978889972e,ZIMBABWE,ZIMBABWE,ZW,ZWE,AFRICA,"263",false,2024-03-05 11:12:13.848,bd45e290-c5bc-5a2c-80bf-2372f0d822e7,2024-03-05 11:12:13.848,bd45e290-c5bc-5a2c-80bf-2372f0d822e7
